ID, Name, Age, Gender, City, Occupation
1, John Doe, 35, Male, New York, Engineer
2, Jane Smith, 28, Female, Los Angeles, Teacher
3, Michael Johnson, 45, Male, Chicago, Doctor
4, Emily Brown, 32, Female, Houston, Lawyer
5, David Lee, 40, Male, Miami, Architect
6, Sarah Williams, 38, Female, San Francisco, Software Developer
7, Robert Jones, 42, Male, Boston, Business Analyst
8, Samantha Miller, 29, Female, Seattle, Graphic Designer
9, Christopher Taylor, 33, Male, Denver, Marketing Manager
10, Amanda Martinez, 36, Female, Dallas, Accountant
11, William Anderson, 31, Male, Philadelphia, Nurse
12, Ashley Garcia, 27, Female, Phoenix, Sales Representative
13, Daniel Hernandez, 39, Male, San Diego, Financial Analyst
14, Stephanie Nguyen, 34, Female, Atlanta, Project Manager
15, Matthew Kim, 41, Male, Washington D.C., Consultant
16, Jessica Taylor, 30, Female, Austin, Data Scientist
17, Andrew Wilson, 37, Male, Portland, Professor
18, Melissa Rodriguez, 26, Female, San Antonio, Web Developer
19, Kevin Davis, 43, Male, Las Vegas, Chef
20, Nicole Taylor, 31, Female, Orlando, Event Planner
21, Michael Smith, 44, Male, New York, Engineer
22, Jessica Johnson, 47, Female, Los Angeles, Doctor
23, Samantha Brown, 46, Female, Chicago, Lawyer
24, David Martinez, 48, Male, Houston, Architect
25, Olivia Lee, 49, Female, Miami, Software Developer
26, Liam Davis, 50, Male, San Francisco, Business Analyst
27, Emma Wilson, 47, Female, Boston, Graphic Designer
28, William Taylor, 45, Male, Seattle, Marketing Manager
29, Isabella Garcia, 43, Female, Denver, Accountant
30, Benjamin Anderson, 42, Male, Philadelphia, Nurse
31, Mia Rodriguez, 41, Female, Phoenix, Sales Representative
32, Noah Hernandez, 40, Male, San Diego, Financial Analyst
33, Ava Nguyen, 39, Female, Atlanta, Project Manager
34, Elijah Kim, 38, Male, Washington D.C., Consultant
35, Sophia Taylor, 37, Female, Austin, Data Scientist
36, Oliver Williams, 36, Male, Portland, Professor
37, Charlotte Smith, 35, Female, San Antonio, Web Developer
38, Jacob Davis, 34, Male, Las Vegas, Chef
39, Evelyn Garcia, 33, Female, Orlando, Event Planner
40, Harper Johnson, 32, Female, New York, Engineer
41, Daniel Smith, 31, Male, Los Angeles, Teacher
42, Abigail Brown, 30, Female, Chicago, Doctor
43, Mia Lee, 29, Female, Houston, Lawyer
44, Alexander Martinez, 28, Male, Miami, Architect
45, Olivia Davis, 27, Female, San Francisco, Software Developer
46, Benjamin Wilson, 26, Male, Boston, Business Analyst
47, Charlotte Taylor, 25, Female, Seattle, Graphic Designer
48, James Anderson, 24, Male, Denver, Marketing Manager
49, Emma Garcia, 23, Female, Dallas, Accountant
50, Ethan Johnson, 22, Male, Philadelphia, Nurse
51, Olivia Rodriguez, 21, Female, Phoenix, Sales Representative
52, Liam Hernandez, 20, Male, San Diego, Financial Analyst
53, Isabella Nguyen, 21, Female, Atlanta, Project Manager
54, Jacob Kim, 22, Male, Washington D.C., Consultant
55, Sophia Williams, 23, Female, Austin, Data Scientist
56, Oliver Moore, 24, Male, Portland, Professor
57, Charlotte Lee, 25, Female, San Antonio, Web Developer
58, Daniel Davis, 26, Male, Las Vegas, Chef
59, Evelyn Garcia, 27, Female, Orlando, Event Planner
60, Harper Johnson, 28, Female, New York, Engineer
61, David Smith, 29, Male, Los Angeles, Teacher
62, Abigail Brown, 30, Female, Chicago, Doctor
63, Mia Lee, 31, Female, Houston, Lawyer
64, Alexander Martinez, 32, Male, Miami, Architect
65, Olivia Davis, 33, Female, San Francisco, Software Developer
66, Benjamin Wilson, 34, Male, Boston, Business Analyst
67, Charlotte Taylor, 35, Female, Seattle, Graphic Designer
68, James Anderson, 36, Male, Denver, Marketing Manager
69, Emma Garcia, 37, Female, Dallas, Accountant
70, Ethan Johnson, 38, Male, Philadelphia, Nurse
71, Olivia Rodriguez, 39, Female, Phoenix, Sales Representative
72, Liam Hernandez, 40, Male, San Diego, Financial Analyst
73, Isabella Nguyen, 41, Female, Atlanta, Project Manager
74, Jacob Kim, 42, Male, Washington D.C., Consultant
75, Sophia Williams, 43, Female, Austin, Data Scientist
76, Oliver Moore, 44, Male, Portland, Professor
77, Charlotte Lee, 45, Female, San Antonio, Web Developer
78, Daniel Davis, 46, Male, Las Vegas, Chef
79, Evelyn Garcia, 47, Female, Orlando, Event Planner
80, Harper Johnson, 48, Female, New York, Engineer
81, David Smith, 49, Male, Los Angeles, Teacher
82, Abigail Brown, 50, Female, Chicago, Doctor
83, Mia Lee, 30, Female, Houston, Lawyer
84, Alexander Martinez, 35, Male, Miami, Architect
85, Olivia Davis, 40, Female, San Francisco, Software Developer
86, Benjamin Wilson, 28, Male, Boston, Business Analyst
87, Charlotte Taylor, 42, Female, Seattle, Graphic Designer
88, James Anderson, 33, Male, Denver, Marketing Manager
89, Emma Garcia, 36, Female,Dallas, Accountant
90, Ethan Johnson, 38, Male, Philadelphia, Nurse
91, Olivia Rodriguez, 39, Female, Phoenix, Sales Representative
92, Liam Hernandez, 40, Male, San Diego, Financial Analyst
93, Isabella Nguyen, 41, Female, Atlanta, Project Manager
94, Jacob Kim, 42, Male, Washington D.C., Consultant
95, Sophia Williams, 43, Female, Austin, Data Scientist
96, Oliver Moore, 44, Male, Portland, Professor
97, Charlotte Lee, 45, Female, San Antonio, Web Developer
98, Daniel Davis, 46, Male, Las Vegas, Chef
99, Evelyn Garcia, 47, Female, Orlando, Event Planner
100, Harper Johnson, 48, Female, New York, Engineer


